name,seed,stage,evaluation_rms,iteration_rms,mesh_rms,bias_proxy_rms,total_rms,triangle_bound_rms,closure_max,fine_factor,fine_successive_difference_rms,checkpoint_sha256,finite_box_policy_value_error,true_greedy_gap_on_lattice,next_policy_value_error,api_right_hand_side,api_slack,neural_evaluation_mismatch_domain,policy_boundary_bracket_width_domain,neural_vs_bellman_reference_domain,bellman_residual_complete_lattice_max,geometric_strip_factor,computed_lattice_residual_bound,bound_scope
boundary_decay_1d,1,0,0.0038223972352138614,0.3848718548549917,0.001775940598078643,6.746431762740232e-05,0.3850745314630489,0.3905376570059116,1.1102230246251565e-16,1024,1.0733238233013153e-06,0a860fbf67e1bde468d3e52cbeef0087272a52725f8e075d1346ab67a31edc71,0.46854708104508425,0.002576049785655658,0.1868253105237298,0.4648198068704921,0.2779944963467623,0.0169727933646443,0.0,0.47325331609019355,0.5679229176704855,0.010848036468793633,0.6980993552960091,one_lattice_coset_double_precision_not_outward_rounded
boundary_decay_1d,1,1,0.011295602937193875,0.07561706322886788,0.001775940598078643,6.746431762740232e-05,0.07266683881904153,0.0887560710817678,0.0,1024,1.0733238233013153e-06,fdb69e61a9388691eef201c8b0fe0c224f961f7a2dddaa8465e9726a745b32ed,0.1868253105237298,0.5594816994899388,0.09683675705017505,0.7437936650290444,0.6469569079788694,0.0288810420969578,0.0,0.1502167296052751,0.39876245595915893,0.010848036468793633,0.5289388935846825,one_lattice_coset_double_precision_not_outward_rounded
boundary_decay_1d,1,2,0.01288778142633387,0.06085248772106134,0.001775940598078643,6.746431762740232e-05,0.07207519381020672,0.07558367406310125,0.0,1024,1.0733238233013153e-06,13c9fdd9603e64d04f161acc53e8427c47a85c21069f9ac0d45f354fb7e313b1,0.09683675705017505,0.2812095744542997,0.06864103813128242,0.37674359486254416,0.30810255673126175,0.025966411566434755,0.0,0.10389315929279697,0.3083872759253632,0.010848036468793633,0.43856371355088675,one_lattice_coset_double_precision_not_outward_rounded
boundary_decay_1d,1,3,0.003800190695949742,0.03343947512470539,0.001775940598078643,6.746431762740232e-05,0.03214582755694526,0.03908307073636118,0.0,1024,1.0733238233013153e-06,e84f69f7fff7a4e3ee61224323839f1d5fa9f06aaf9b712aa54bde9b7938b66d,0.06864103813128242,0.015418921398620741,0.04175035685823872,0.08313653749226257,0.041386180634023856,0.0061441601287750836,0.0,0.0610214392529089,0.2175158084142199,0.010848036468793633,0.34769224603974347,one_lattice_coset_double_precision_not_outward_rounded
boundary_decay_1d,1,4,0.004089286749655614,0.02495750871839169,0.001775940598078643,6.746431762740232e-05,0.02596024455734929,0.030890200383753348,0.0,1024,1.0733238233013153e-06,85980d21a62978bcf418ef33ea9a03e9ff2288e31c7c55f95fcaf7b00ad607f8,0.04175035685823872,0.009500641932391751,0.031364096203390784,0.050689334797021875,0.01932523859363109,0.0072955014282060915,0.0,0.045037139347432115,0.1863751340181795,0.010848036468793633,0.31655157164370307,one_lattice_coset_double_precision_not_outward_rounded
boundary_decay_1d,1,5,0.0021448011318324933,0.011274311258691598,0.001775940598078643,6.746431762740232e-05,0.011432598032220022,0.015262517306230135,0.0,1024,1.0733238233013153e-06,cc0eb163572753dbefbe286c17888168cc028daabb3f3069457c14d16c7743ec,0.031364096203390784,0.006534889424714141,0.021134981734145714,0.03747704711415796,0.016342065380012247,0.00589931467072613,0.0,0.02479445151598947,0.15880906444658593,0.010848036468793633,0.2889855020721095,one_lattice_coset_double_precision_not_outward_rounded
boundary_decay_1d,1,6,0.0035090706077419392,0.008430211210038919,0.001775940598078643,6.746431762740232e-05,0.011655357143401464,0.013782686733486902,0.0,1024,1.0733238233013153e-06,1ac633f3ac6312c3bcbbd623a5db51d3c7368bc1799b77f7ffe0e363955e8128,0.021134981734145714,0.007888034758579687,0.00862666459190356,0.028738689384194292,0.020112024792290732,0.005522776407566515,0.0,0.02562050765283791,0.15063329442429418,0.010848036468793633,0.28080973204981774,one_lattice_coset_double_precision_not_outward_rounded
boundary_decay_1d,1,7,0.0026736094178070173,0.0030086098792927135,0.001775940598078643,6.746431762740232e-05,0.0047146561098068245,0.007525624212805776,0.0,1024,1.0733238233013153e-06,3aa563a4568ead88a154b5fcb8dfa916636a3e798eaf70dca03990c37169f0ce,0.00862666459190356,0.012481655184502321,2.3800990832045787e-05,0.0209922659926583,0.020968465001826253,0.00618961759375572,0.0,0.007862092827445488,0.12447290162011893,0.010848036468793633,0.2546493392456425,one_lattice_coset_double_precision_not_outward_rounded
boundary_decay_1d,2,0,0.019100611554121422,0.3848718548549917,0.001775940598078643,6.746431762740232e-05,0.37852635325106415,0.4058158713248191,1.1102230246251565e-16,1024,1.0733238233013153e-06,e66794f773217c7d52ecf2d527777a73c451178bcc2a910115065de4b99a4f1d,0.46854708104508425,0.002576049785655658,0.1868253105237298,0.4648198068704921,0.2779944963467623,0.07214382121423979,0.0,0.46345949422066135,0.5853205803854438,0.010848036468793633,0.7154970180109673,one_lattice_coset_double_precision_not_outward_rounded
boundary_decay_1d,2,1,0.0049749602667469705,0.07561706322886788,0.001775940598078643,6.746431762740232e-05,0.07892952460884484,0.0824354284113209,0.0,1024,1.0733238233013153e-06,ed89f6a74cc0015571f2b15441efc5ba96091a4b508b883a9483d072d5bc8e78,0.1868253105237298,0.32506016719160424,0.08827671422151087,0.5093721327307099,0.42109541850919907,0.011195221310590142,0.0,0.17360046099514564,0.41117662679265876,0.010848036468793633,0.5413530644181823,one_lattice_coset_double_precision_not_outward_rounded
boundary_decay_1d,2,2,0.013274771294958396,0.056214542101123297,0.001775940598078643,6.746431762740232e-05,0.05401160356442228,0.07133271831178774,0.0,1024,1.0733238233013153e-06,1d759aa3ae6818d5066798d7f2f73bd6aeadba417c4fe658c7542ca72b67d429,0.08827671422151087,0.7304694160690461,0.031364096203390784,0.8175585511754694,0.7861944549720786,0.027748367128957757,0.0,0.09470833321736843,0.24214955295667184,0.010848036468793633,0.3723259905821954,one_lattice_coset_double_precision_not_outward_rounded
boundary_decay_1d,2,3,0.007299489921673721,0.01130652434901361,0.001775940598078643,6.746431762740232e-05,0.018420690542290705,0.020449419186393376,0.0,1024,1.0733238233013153e-06,af29552dc3a08c32016b2ef59a2de66473af219f126cf2fc0fed497f056a9170,0.031364096203390784,0.7205837519463909,0.030107385093329664,0.7515259096358348,0.7214185245425051,0.01556221956298856,0.0,0.04618377832315676,0.21686834660251375,0.010848036468793633,0.3470447842280373,one_lattice_coset_double_precision_not_outward_rounded
boundary_decay_1d,2,4,0.006210607518877821,0.012257257299227596,0.001775940598078643,6.746431762740232e-05,0.015441504891742563,0.020311269733811463,0.0,1024,1.0733238233013153e-06,6f543d528fb921f99fbaa05eb56369e0dddf79db2fcfc7d8de23c38c2cc71162,0.030107385093329664,0.0,0.00862666459190356,0.029702353006872313,0.021075688414968752,0.01588574229297679,0.0,0.03237282888785176,0.23120661884728444,0.010848036468793633,0.361383056472808,one_lattice_coset_double_precision_not_outward_rounded
boundary_decay_1d,2,5,0.0035084223903930653,0.0030085976351795895,0.001775940598078643,6.746431762740232e-05,0.005983651504882401,0.008360424941278699,0.0,1024,1.0733238233013153e-06,b812f95292ecb75f77af71aedeac93ee54c95bac08fa7b7febe565c1df387eca,0.00862666459190356,0.013480820522885722,0.014599053240783422,0.0219914313310417,0.007392378090258278,0.009351050582848075,0.0,0.012400525138769769,0.17991575470226406,0.010848036468793633,0.3100921923277876,one_lattice_coset_double_precision_not_outward_rounded
boundary_decay_1d,2,6,0.0020053201829165392,0.0055791276721553484,0.001775940598078643,6.746431762740232e-05,0.005556419021652191,0.009427852770777932,0.0,1024,1.0733238233013153e-06,644100cdb59ee8070ef554a32e25c5ff956c66c09c21be783f308cf893787513,0.014599053240783422,0.00958762761763543,2.3800990835182168e-05,0.023990281039036117,0.023966480048200935,0.00528260964962704,0.0,0.011963449557379935,0.21357261452304277,0.010848036468793633,0.3437490521485663,one_lattice_coset_double_precision_not_outward_rounded
boundary_decay_1d,2,7,0.0019189665118821196,8.427560519039003e-06,0.001775940598078643,6.746431762740232e-05,0.0010894604758710368,0.0037707989881072042,0.0,1024,1.0733238233013153e-06,cd229d98274fedb82f8a198530923276c8f828dfb1baf4b8aec2468151224708,2.3800990835182168e-05,4.957641721037298e-05,2.380099079551945e-05,7.305721534373655e-05,4.92562245482171e-05,0.0042688402360318844,0.0,0.004245039245196702,0.16111143035235354,0.010848036468793633,0.2912878679778771,one_lattice_coset_double_precision_not_outward_rounded
boundary_decay_1d,3,0,0.014444769645350623,0.3848718548549917,0.001775940598078643,6.746431762740232e-05,0.3826401288148275,0.40116002941604834,1.1102230246251565e-16,1024,1.0733238233013153e-06,f812598461beb4729a3560a22bd217ea0d69e5ec805ef9c2bd01d6ce3a9b01ea,0.46854708104508425,0.17326015379547738,0.12050847827331043,0.6355039108803138,0.5149954326070033,0.056932809343013036,0.0,0.47389253467275666,0.6072136386049847,0.010848036468793633,0.7373900762305082,one_lattice_coset_double_precision_not_outward_rounded
boundary_decay_1d,3,1,0.015596892996144543,0.058295132769393083,0.001775940598078643,6.746431762740232e-05,0.06915238665462124,0.07573543068124368,0.0,1024,1.0733238233013153e-06,0027fe30c947a0786b3a1fcba6c11733f68637a7c2676cdc095bd69e2e40b0cc,0.12050847827331043,0.8929279001019438,0.08548018143220115,1.0118151880845818,0.9263350066523807,0.02994475717912648,0.0,0.14098271011876737,0.4216233252412108,0.010848036468793633,0.5517997628667344,one_lattice_coset_double_precision_not_outward_rounded
boundary_decay_1d,3,2,0.023265148804522833,0.04685332053728223,0.001775940598078643,6.746431762740232e-05,0.04565366630734015,0.0719618742575111,0.0,1024,1.0733238233013153e-06,8e479654fa7a75ef78a9c0c7fede9c5a9896570f7af15d509eafba64589e8f60,0.08548018143220115,1.4385171937035,0.05625136469794678,1.5228474175379585,1.4665960528400117,0.03831889817940268,0.0,0.08095806450695514,0.37502722905317576,0.010848036468793633,0.5052036666786993,one_lattice_coset_double_precision_not_outward_rounded
boundary_decay_1d,3,3,0.01840515240388685,0.024836516893354133,0.001775940598078643,6.746431762740232e-05,0.010581203535234939,0.045085074212947024,0.0,1024,1.0733238233013153e-06,03dc9d639b40ddd43f0020137a57ed0276ceefcff4ed2a4cc9cf0525c94f641e,0.05625136469794678,2.0552304730023176,0.04413964462600206,2.1107250928837002,2.0665854482576984,0.037639533350274784,0.0,0.02746617407488941,0.37675350130088026,0.010848036468793633,0.5069299389264038,one_lattice_coset_double_precision_not_outward_rounded
boundary_decay_1d,3,4,0.022219836035557244,0.018146533204944585,0.001775940598078643,6.746431762740232e-05,0.005012894613704681,0.04220977415620787,0.0,1024,1.0733238233013153e-06,b81c76c94161b7adccee07f65d0ba9072ffe70d81a0bb07d3ed6b5f2559e0c22,0.04413964462600206,2.4661817141585662,0.04175035685729786,2.5097275519061917,2.467977195048894,0.04953725648647486,0.0,0.010476114195545227,0.3318174867539049,0.010848036468793633,0.46199392437942843,one_lattice_coset_double_precision_not_outward_rounded
boundary_decay_1d,3,5,0.020393601614157063,0.016967828962242075,0.001775940598078643,6.746431762740232e-05,0.0038810234563320433,0.03920483549210518,0.0,1024,1.0733238233013153e-06,d68fd04380cd39f545945ac7c3cf322f9a2afcb7f4a4ea4888af62cbf4f3c253,0.04175035685729786,2.6081173703793574,0.03702952534114454,2.6493060632430594,2.612276537901915,0.04624594486696912,0.0,0.00869124809953975,0.26924038078111645,0.010848036468793633,0.39941681840664,one_lattice_coset_double_precision_not_outward_rounded
boundary_decay_1d,3,6,0.01608820974342606,0.014792623934779162,0.001775940598078643,6.746431762740232e-05,0.002664205080134651,0.03272423859391126,0.0,1024,1.0733238233013153e-06,78566e51b7e49d01fcb6f9422d23030a2245a805ed5de6e78b757482c3857bf9,0.03702952534114454,0.4050532872377148,0.037029524990564194,0.4415846575294269,0.40455513253886266,0.036569005617259176,0.0,0.0062442512035241204,0.2041047007985568,0.010848036468793633,0.33428113842408036,one_lattice_coset_double_precision_not_outward_rounded
boundary_decay_1d,3,7,0.014058361000842217,0.014626354959532817,0.001775940598078643,6.746431762740232e-05,0.003104655906529159,0.03052812087608108,0.0,1024,1.0733238233013153e-06,6024d27571892823fb4f7177dc3e152684825da3f525b0781b38047b941f5947,0.037029524990564194,2.3498935483119636,0.034706230603389815,2.386424918257812,2.3517186876544223,0.031844272549331976,0.0,0.009341252413975015,0.21719506179755,0.010848036468793633,0.34737149942307355,one_lattice_coset_double_precision_not_outward_rounded
boundary_decay_1d,4,0,0.011695596757586343,0.3848718548549917,0.001775940598078643,6.746431762740232e-05,0.38368651090087175,0.39841085652828406,1.1102230246251565e-16,1024,1.0733238233013153e-06,166d7fda561cbb350f32c19a92570d3fc0ff8e6f743c6a257186f5c4495dcc43,0.46854708104508425,0.17326015379547738,0.1868253105237298,0.6355039108803138,0.44867860035658397,0.047365754365754964,0.0,0.47587438718084246,0.5988122079359537,0.010848036468793633,0.7289886455614772,one_lattice_coset_double_precision_not_outward_rounded
boundary_decay_1d,4,1,0.026166814558514488,0.07565507863351523,0.001775940598078643,6.746431762740232e-05,0.0643216788817266,0.10366529810773577,0.0,1024,1.0733238233013153e-06,e0a9244aa1bb16c31080a8dc54f2068e41199c8b6a24c5bb4a488d87ac8e91ef,0.1868253105237298,1.4441474076093197,0.08548018143220115,1.6284593731484254,1.542979191716224,0.06345472375480266,0.0,0.12793162725000304,0.3578405651465051,0.010848036468793633,0.48801700277202864,one_lattice_coset_double_precision_not_outward_rounded
boundary_decay_1d,4,2,0.026685238136848925,0.04967862216523535,0.001775940598078643,6.746431762740232e-05,0.05384967512601842,0.07820726521779033,0.0,1024,1.0733238233013153e-06,a5c66cbb637e4dffb775457baf642d9d34fd0b81a25e15102d358d465958ee11,0.08548018143220115,2.1430856141238337,0.06864103813128242,2.2274158379582922,2.1587747998270097,0.0378383889376076,0.0,0.09780987597064678,0.3519915260858887,0.010848036468793633,0.48216796371141224,one_lattice_coset_double_precision_not_outward_rounded
boundary_decay_1d,4,3,0.0219045164245569,0.03277343412291443,0.001775940598078643,6.746431762740232e-05,0.022800837091765364,0.05652135546317738,0.0,1024,1.0733238233013153e-06,b6f7514e6c1dd19a394d8e3c9628c14fd5994b14e73b426f952a06edea57c5f7,0.06864103813128242,0.03840548681075899,0.03239097958684245,0.10612310290440083,0.07373212331755838,0.04996298297882357,0.0,0.054394591559918576,0.28228867532255064,0.010848036468793633,0.4124651129480742,one_lattice_coset_double_precision_not_outward_rounded
boundary_decay_1d,4,4,0.015269401072209187,0.01331273790205405,0.001775940598078643,6.746431762740232e-05,0.02437628962740228,0.03042554388996928,0.0,1024,1.0733238233013153e-06,ddceb1c5038b76a4b52d0f2b783024b213d79fb81b5459517f0bd7ae3bbd614a,0.03239097958684245,0.5901992126786734,0.013347769125520492,0.6221544391769036,0.6088066700513831,0.03382743585900465,0.0,0.04644173331333126,0.21033508152965097,0.010848036468793633,0.3405115191551745,one_lattice_coset_double_precision_not_outward_rounded
boundary_decay_1d,4,5,0.018527381719261292,0.003198590568439641,0.001775940598078643,6.746431762740232e-05,0.019194207480105422,0.023569377203406978,0.0,1024,1.0733238233013153e-06,22035b2627f4e1011afb2ef832d991f79a3abd0ee88c7f1f03de70fb94dccbc0,0.013347769125520492,0.8645606346787349,0.02558431525978916,0.8777288374034636,0.8521445221436745,0.04253383642916693,0.0,0.040549993849719565,0.12144916688824248,0.010848036468793633,0.25162560451376603,one_lattice_coset_double_precision_not_outward_rounded
boundary_decay_1d,4,6,0.01307544658757988,0.010253435148837739,0.001775940598078643,6.746431762740232e-05,0.019520244045767958,0.025172286652123663,0.0,1024,1.0733238233013153e-06,7205e369a86a40e548cf8da2412c3a0565f3c1999fad2d925926a21ca6b6b772,0.02558431525978916,0.6562624825129297,0.013088713401583019,0.6815026141593585,0.6684139007577755,0.030731163760581354,0.0,0.03505139351121511,0.14002306424552113,0.010848036468793633,0.2701995018710447,one_lattice_coset_double_precision_not_outward_rounded
boundary_decay_1d,4,7,0.010461800280044157,0.0031139069870905972,0.001775940598078643,6.746431762740232e-05,0.010452161536498344,0.015419112182840799,0.0,1024,1.0733238233013153e-06,f8ad1592ec484a8b2b72fc1cf466ac849c816d55855717846cb4dd37b117fea4,0.013088713401583019,0.8470699720361667,0.013034581190578653,0.8599826040915401,0.8469480229009615,0.026085201929522253,0.0,0.026061400938726734,0.1705816271475742,0.010848036468793633,0.30075806477309774,one_lattice_coset_double_precision_not_outward_rounded
boundary_decay_1d,5,0,0.017472877627988024,0.3848718548549917,0.001775940598078643,6.746431762740232e-05,0.3824652915684032,0.40418813739868575,1.1102230246251565e-16,1024,1.0733238233013153e-06,17a4dde611fee15298d55371352dbb0d1221a6a012c8f55c41ac07f6d258e1cc,0.46854708104508425,0.002576049785655658,0.1868253105237298,0.4648198068704921,0.2779944963467623,0.06676024158373517,0.0,0.4672298756302647,0.5944076919954013,0.010848036468793633,0.7245841296209249,one_lattice_coset_double_precision_not_outward_rounded
boundary_decay_1d,5,1,0.014349333768222786,0.07562585608139025,0.001775940598078643,6.746431762740232e-05,0.07936456736867004,0.09181859476531908,0.0,1024,1.0733238233013153e-06,996b473ed1a015446f242d9ff57a636b4b057fd0518884dbd946a8e0726564e0,0.1868253105237298,0.05298440839786034,0.11169378861929022,0.23729637393696595,0.12560258531767574,0.03578930476935749,0.0,0.15667065714474376,0.4095471825443969,0.010848036468793633,0.5397236201699205,one_lattice_coset_double_precision_not_outward_rounded
boundary_decay_1d,5,2,0.0047025203821393895,0.07363869143094011,0.001775940598078643,6.746431762740232e-05,0.07352017172353688,0.08018461672878555,0.0,1024,1.0733238233013153e-06,b3d9a5904cca5b67ab6e1819c95c8a5bd113a2c6d5dccdbe0ab1f71e218d0aa6,0.11169378861929022,0.03320008014442248,0.03136409620349298,0.1433912617419285,0.11202716553843553,0.008899841098099576,0.0,0.1139646537082859,0.33231705846224424,0.010848036468793633,0.4624934960877678,one_lattice_coset_double_precision_not_outward_rounded
boundary_decay_1d,5,3,0.008552646997211102,0.015368136688439536,0.001775940598078643,6.746431762740232e-05,0.016013374536421043,0.025764188601356684,0.0,1024,1.0733238233013153e-06,ed756fb76051617a2bdc7bccb672c9855c864caa10d157c21265ad5b5beccad9,0.03136409620349298,0.05586018158496205,0.034706237967128045,0.0868023392745067,0.052096101307378656,0.02218276084271792,0.0,0.03795148160076939,0.25009692209553724,0.010848036468793633,0.3802733597210608,one_lattice_coset_double_precision_not_outward_rounded
boundary_decay_1d,5,4,0.004015244530680898,0.014330738223555569,0.001775940598078643,6.746431762740232e-05,0.017501567788871273,0.020189387669942514,0.0,1024,1.0733238233013153e-06,3061aad05bc0f901d82892ba6cd52cc9de81b652f298a6db976b4418d5242399,0.034706237967128045,0.021008125087699597,0.042044090199892026,0.0552474629924896,0.013203372792597576,0.011398566415267875,0.0,0.040566702724212644,0.22096671976748294,0.010848036468793633,0.3511431573930065,one_lattice_coset_double_precision_not_outward_rounded
boundary_decay_1d,5,5,0.013325327920610013,0.015163690698420192,0.001775940598078643,6.746431762740232e-05,0.005243622153080296,0.030332423534736253,0.0,1024,1.0733238233013153e-06,7524cf0116022ffcf04fceebc029d071abd6be84d178f5112b3d2991add99522,0.042044090199892026,0.01681099965003356,2.3800990835182168e-05,0.05828947428669834,0.05826567329586316,0.03834672444303602,0.0,0.009985106336414556,0.1547349251895509,0.010848036468793633,0.28491136281507445,one_lattice_coset_double_precision_not_outward_rounded
boundary_decay_1d,5,6,0.004645869241942993,8.427560519039003e-06,0.001775940598078643,6.746431762740232e-05,0.003559717038150602,0.006497701718168078,0.0,1024,1.0733238233013153e-06,6af619b50797dfe56069cab6df8d8be3c832eb407335558d78c55b8369e00bb0,2.3800990835182168e-05,0.00021235287264165237,2.3800990832045787e-05,0.00023583367077501595,0.00021203267994297017,0.01029922104922601,0.0,0.010275420058390827,0.1597952675362757,0.010848036468793633,0.28997170516179926,one_lattice_coset_double_precision_not_outward_rounded
boundary_decay_1d,5,7,0.0034281591744459833,1.1916976167744723e-05,0.001775940598078643,6.746431762740232e-05,0.0032826327479484516,0.005283481066319773,0.0,1024,1.0733238233013153e-06,58b6e301206a0d71fbf5379544b8a9154512399302e2ddcc68adc9ea027c11a8,2.3800990832045787e-05,4.957641731584417e-05,2.3800990832045787e-05,7.305721544611355e-05,4.925622461406776e-05,0.006091688727429823,0.0,0.006067887736597777,0.14308793534837472,0.010848036468793633,0.2732643729738983,one_lattice_coset_double_precision_not_outward_rounded
directional_exit_1d,1,0,0.002844648396417435,0.8064419920135807,0.002800463444663908,0.002619934528377876,0.8064611672908985,0.8147070383830398,2.220446049250313e-16,64,3.251143013508353e-05,33c9f23db07bea1517f3e943f9ac9b620386652c075f380b547525f0078f1b19,1.09263046164754,0.0,0.6088410491491221,1.0779313971410707,0.4690903479919486,0.0068800628633218786,0.0,1.0925477584979517,1.5381563572064936,0.010848036468793633,1.700876904238398,one_lattice_coset_double_precision_not_outward_rounded
directional_exit_1d,1,1,0.02272273045030068,0.20004871628913293,0.002800463444663908,0.002619934528377876,0.1775041525789843,0.22819184471247542,0.0,64,3.251143013508353e-05,c6f2aaa42df22a35acfa8d030c418b39e1c991d934bf3a102b6bb9939011d346,0.6088410491491221,1.207950618730134,0.38813809625129947,1.8086009811194024,1.420462884868103,0.06504433604707294,0.0,0.49475035781427545,1.0247858086405683,0.010848036468793633,1.1875063556724728,one_lattice_coset_double_precision_not_outward_rounded
directional_exit_1d,1,2,0.0015476135311521,0.1501743040615323,0.002800463444663908,0.002619934528377876,0.15103964339485712,0.1571423155657262,0.0,64,3.251143013508353e-05,f96c04aac224c61054fa043058b3224f7626384d508cf49657db542be85d2ab3,0.38813809625129947,2.69804870128755,0.3510318703880788,3.0809652088000425,2.7299333384119637,0.004851174739309849,0.0,0.3416594479914643,0.7937755742684147,0.010848036468793633,0.9564961213003192,one_lattice_coset_double_precision_not_outward_rounded
directional_exit_1d,1,3,0.01777479199922907,0.0932217370853815,0.002800463444663908,0.002619934528377876,0.07533208482445573,0.11641692705765236,0.0,64,3.251143013508353e-05,12408db47b3d84e02c52597e5df55ed0b596548d922fe072327e8eee3c0dddb4,0.3510318703880788,23.690574092195224,0.3480084165097561,24.03688356073952,23.688875144229762,0.048470806432399094,0.0,0.2123908213798512,0.8161126011103068,0.010848036468793633,0.9788331481422113,one_lattice_coset_double_precision_not_outward_rounded
directional_exit_1d,1,4,0.004555096612796448,0.06286721303685544,0.002800463444663908,0.002619934528377876,0.06719156100257716,0.07284270762269367,0.0,64,3.251143013508353e-05,2281a602b1f8eb18792faf8cb53e01193754c98beeb89c0c0daf3ac625eab615,0.3480084165097561,5.463476164303003,0.35360821118560537,5.806802853236395,5.453194642050789,0.012273781053674493,0.0,0.17032948164214812,0.7607011885670456,0.010848036468793633,0.9234217355989501,one_lattice_coset_double_precision_not_outward_rounded
directional_exit_1d,1,5,0.016393049770774944,0.04338194330333122,0.002800463444663908,0.002619934528377876,0.026834511573367095,0.06519539104714794,0.0,64,3.251143013508353e-05,3d240cfe89145290f11f6f7c957bf41567e5db20fe70ad690d50126ecf9ba342,0.35360821118560537,23.65260751377082,0.35794377054199655,24.0014586638194,23.643514893277402,0.0447901342083612,-2.498001805406602e-16,0.07660520449254149,0.8107330303257969,0.010848036468793633,0.9734535773577014,one_lattice_coset_double_precision_not_outward_rounded
directional_exit_1d,1,6,0.0036464857727050676,0.028050518170550258,0.002800463444663908,0.002619934528377876,0.024271076773982155,0.0371174019162971,0.0,64,3.251143013508353e-05,1f650888afbdc0a55f265f8e5ee8b61410701e55a8dc05d41d5ab3b7f4fc8fdc,0.35794377054199655,9.151330675694794,0.37275778187629527,9.504459059189141,9.131701277312846,0.010160096650630557,0.0,0.06497907252919721,0.7192655204151439,0.010848036468793633,0.8819860674470484,one_lattice_coset_double_precision_not_outward_rounded
directional_exit_1d,1,7,0.0019497483963108102,0.011926669749593034,0.002800463444663908,0.002619934528377876,0.009948983750527992,0.01929681611894563,0.0,64,3.251143013508353e-05,e37df94f1486306a565e9cbf2fb0389f754fb1c7ec774b9b2bc3620bdbe68d4b,0.37275778187629527,24.559145710501483,0.3878749446686567,24.92688881369783,24.539013869029173,0.005467230833749115,0.0,0.02790707201161091,0.9547001133739754,0.010848036468793633,1.1174206604058798,one_lattice_coset_double_precision_not_outward_rounded
directional_exit_1d,2,0,0.0018202129333084983,0.8064419920135807,0.002800463444663908,0.002619934528377876,0.8062241935712428,0.8136826029199309,4.440892098500626e-16,64,3.251143013508353e-05,6fe9926b6378db5ae7dfbb690fc49570a0985d16c1a47fb425f3cb063afb88f1,1.09263046164754,0.0,0.6088410491491221,1.0779313971410707,0.4690903479919486,0.003843550681083663,0.0,1.0922051874030374,1.5427603638893557,0.010848036468793633,1.70548091092126,one_lattice_coset_double_precision_not_outward_rounded
directional_exit_1d,2,1,0.02860163739550112,0.20004871628913293,0.002800463444663908,0.002619934528377876,0.1713452850199029,0.23407075165767585,0.0,64,3.251143013508353e-05,e4d949a68393fc35163cb68e7fa1f98b123c7538da5f71e0e58bdfe33f034c62,0.6088410491491221,0.6425836914033738,0.37777978553886316,1.243234053792642,0.8654542682537789,0.07636662924686832,0.0,0.48342806461448007,1.00541424139063,0.010848036468793633,1.1681347884225344,one_lattice_coset_double_precision_not_outward_rounded
directional_exit_1d,2,2,0.004373472073336746,0.16965148162156046,0.002800463444663908,0.002619934528377876,0.16570056872920808,0.179445351667939,0.0,64,3.251143013508353e-05,97a3e642ccc01251eb430dc316392ed4aebdda8caf0c520589f63346670de27b,0.37777978553886316,3.9516764220091374,0.27783475390575707,4.3243739682806615,4.046539214374905,0.009952436462068226,0.0,0.3716963979115675,0.7721962876142454,0.010848036468793633,0.9349168346461499,one_lattice_coset_double_precision_not_outward_rounded
directional_exit_1d,2,3,0.02011842447056715,0.09322173708538325,0.002800463444663908,0.002619934528377876,0.07296397592349206,0.11876055952899219,0.0,64,3.251143013508353e-05,554c8062fd6639a3bcd6a0648ed711eb80528e425d003c416044f092f558306d,0.27783475390575707,0.5377568479146739,0.28930314220241504,0.8118539145481563,0.5225507723457412,0.05597295822232784,4.440892098500626e-15,0.2048886695899247,0.5903843185972928,0.010848036468793633,0.7531048656291973,one_lattice_coset_double_precision_not_outward_rounded
directional_exit_1d,2,4,0.004927195855786383,0.06885196101944463,0.002800463444663908,0.002619934528377876,0.06395803239094389,0.07919955484827279,0.0,64,3.251143013508353e-05,fed966bd91bbbf2f5ddd4a31ddc9f2fa36540287ddeab7070f16c4f6b19c0cbd,0.28930314220241504,3.5987734390201958,0.32585023964806226,3.8841846106997084,3.558334371051646,0.009940403983428325,0.0,0.1640260276265575,0.6812478367029025,0.010848036468793633,0.843968383734807,one_lattice_coset_double_precision_not_outward_rounded
directional_exit_1d,2,5,0.03283413755887284,0.043381943303335786,0.002800463444663908,0.002619934528377876,0.01050508517528515,0.08163647883525041,0.0,64,3.251143013508353e-05,8b8dd70397c07b7defd2ad062033f6cfdeae6d1b7a497ef77d055328b0b178e0,0.32585023964806226,0.4248347334407765,0.22442782105445103,0.7463013375778782,0.5218735165234272,0.09162466778989375,0.0,0.029770670911015373,0.4440809765989595,0.010848036468793633,0.606801523630864,one_lattice_coset_double_precision_not_outward_rounded
directional_exit_1d,2,6,0.0012884897122609005,0.0,0.002800463444663908,0.002619934528377876,0.0020965130757695,0.006708887685302685,0.0,64,3.251143013508353e-05,c979bae071f98b62fb1b930a9aa4e48b1844f36a3c8b2194c0447327424773c4,0.22442782105445103,2.9980059579549545,0.16852602116837145,3.219414570654413,3.0508885494860416,0.003578430462946147,0.0,0.003578430462946147,0.565245700377218,0.010848036468793633,0.7279662474091225,one_lattice_coset_double_precision_not_outward_rounded
directional_exit_1d,2,7,0.006946714257653609,0.0,0.002800463444663908,0.002619934528377876,0.007249323526851222,0.012367112230695393,0.0,64,3.251143013508353e-05,4515b1ea5ddfb87a9e916fad54f982fafd95fad2c3255e6f1d25718375a60e6e,0.16852602116837145,11.427700221674378,0.23763576378587192,11.59395907663869,11.356323312852819,0.01926730675700472,-2.2898349882893854e-16,0.019267306756998503,0.49726995528400586,0.010848036468793633,0.6599905023159104,one_lattice_coset_double_precision_not_outward_rounded
directional_exit_1d,3,0,0.002722363149877722,0.8064419920135807,0.002800463444663908,0.002619934528377876,0.8086547036155722,0.8145847531365001,4.440892098500626e-16,64,3.251143013508353e-05,90df1af7a5c340d24c48dd11b2cc35d2aca8e87f3a92da590cd41214e3f98477,1.09263046164754,0.0,0.6088410491491221,1.0779313971410707,0.4690903479919486,0.0056272476797307736,0.0,1.0903394738705856,1.5433862656261927,0.010848036468793633,1.7061068126580972,one_lattice_coset_double_precision_not_outward_rounded
directional_exit_1d,3,1,0.01731017271331166,0.20004871628913293,0.002800463444663908,0.002619934528377876,0.18269801453002063,0.2227792869754864,0.0,64,3.251143013508353e-05,93172353167c0ffb93e8c0e19d0d638365cbff7c503a8e2c5628b4bdc6f6d74b,0.6088410491491221,1.207950618730134,0.40003978075500113,1.8086009811194024,1.4085612003644012,0.04659081681102828,0.0,0.5132038770503201,1.0618940607118779,0.010848036468793633,1.2246146077437823,one_lattice_coset_double_precision_not_outward_rounded
directional_exit_1d,3,2,0.0009574069950458895,0.1696514816215636,0.002800463444663908,0.002619934528377876,0.16937646389491381,0.1760292865896513,0.0,64,3.251143013508353e-05,360011e85ce757a53bfe9cd1a69655b2bae2acd92a926b3ee165083b15112d95,0.40003978075500113,2.419581973387295,0.35882409631325185,2.814240053055906,2.4554159567426543,0.0033785610954268908,0.0,0.37722480237599454,0.7711719682619953,0.010848036468793633,0.9338925152938998,one_lattice_coset_double_precision_not_outward_rounded
directional_exit_1d,3,3,0.02025319199916679,0.0932217370853815,0.002800463444663908,0.002619934528377876,0.07283796297338173,0.11889532705759008,0.0,64,3.251143013508353e-05,4d926963eb914e6922117f0e3f2243567daffafbaed70e86f956692723216d53,0.35882409631325185,0.9808943936969201,0.327010925662802,1.3348912600149263,1.0078803343521243,0.05559848520339572,0.0,0.2052631426088546,0.6578798450208136,0.010848036468793633,0.8206003920527182,one_lattice_coset_double_precision_not_outward_rounded
directional_exit_1d,3,4,0.00046767423031855195,0.0628672130368666,0.002800463444663908,0.002619934528377876,0.06266825159012371,0.06875528524022693,0.0,64,3.251143013508353e-05,be2e72337f9736b6394ba4080be07b7a2abef85619c7e5bb673c88528bf132a1,0.327010925662802,5.447858240654966,0.3598220420398066,5.770469916196744,5.410647874156937,0.0011790779438680676,0.0,0.1587878336034647,0.7553983029942173,0.010848036468793633,0.9181188500261218,one_lattice_coset_double_precision_not_outward_rounded
directional_exit_1d,3,5,0.02269752502610176,0.043381943303335786,0.002800463444663908,0.002619934528377876,0.02058152582081507,0.07149986630247933,0.0,64,3.251143013508353e-05,868444bda764ef867919a09d4163e522506e65e69570fda296f8475133a25805,0.3598220420398066,24.007625426820475,0.3466210882049059,24.362606813586204,24.0159857253813,0.06425748979269064,0.0,0.05713784890821849,0.7908769628017769,0.010848036468793633,0.9535975098336814,one_lattice_coset_double_precision_not_outward_rounded
directional_exit_1d,3,6,0.007126263227070372,0.01692045001221976,0.002800463444663908,0.002619934528377876,0.009735121368481906,0.02946711121233192,0.0,64,3.251143013508353e-05,25b138a725319cb0377a3e46b34444f9907a6d4a522b67187707f9c26aa77abc,0.3466210882049059,7.812400383476213,0.35196039457896067,8.154358407714236,7.802398013135275,0.019828420746101916,0.0,0.026428466773563697,0.7086218468815622,0.010848036468793633,0.8713423939134667,one_lattice_coset_double_precision_not_outward_rounded
directional_exit_1d,3,7,0.004516188749168568,4.262759763764236e-15,0.002800463444663908,0.002619934528377876,0.005051193074892489,0.009936586722214615,0.0,64,3.251143013508353e-05,517ecb85cea15e36fda70110f3d375dc04df1e6dd3ea1ee11e53ee7db6ba34be,0.35196039457896067,23.36858404186537,0.3878749446686567,23.715809543243715,23.32793459857506,0.013429938966472488,0.0,0.013429938966460053,0.8957607665456582,0.010848036468793633,1.0584813135775626,one_lattice_coset_double_precision_not_outward_rounded
directional_exit_1d,4,0,0.0013072459501565585,0.8064419920135807,0.002800463444663908,0.002619934528377876,0.8071478727898285,0.8131696359367789,4.440892098500626e-16,64,3.251143013508353e-05,af09e9eab8840cd8cf444c1e41bfcb9a5c27ae38d1ee7470a168bceaf56164e2,1.09263046164754,0.0,0.6088410491491221,1.0779313971410707,0.4690903479919486,0.002927791023573545,0.0,1.0936221942412239,1.5338547476544309,0.010848036468793633,1.6965752946863353,one_lattice_coset_double_precision_not_outward_rounded
directional_exit_1d,4,1,0.06566453669824882,0.20004871628913293,0.002800463444663908,0.002619934528377876,0.1343783454268759,0.2711336509604235,0.0,64,3.251143013508353e-05,66d9cb18c8dee9229588fc971fd42cda0c686ba75f57a8430deb2486181fcdd1,0.6088410491491221,1.207950618730134,0.3287846258683378,1.8086009811194024,1.4798163552510646,0.1757316003084095,0.0,0.3840630935529389,0.8063137180402763,0.010848036468793633,0.9690342650721808,one_lattice_coset_double_precision_not_outward_rounded
directional_exit_1d,4,2,0.02693688897707341,0.14372976045823257,0.002800463444663908,0.002619934528377876,0.11692595555240316,0.1760870474083478,0.0,64,3.251143013508353e-05,d76ed2be92ed696ee80d4ebe1a4417e9672c3699c40c06001fcb12169c173279,0.3287846258683378,20.303001164548416,0.2538888172050955,20.62736267885799,20.373473861652894,0.0590426398395143,0.0,0.2770926818087315,0.5019480716028871,0.010848036468793633,0.6646686186347917,one_lattice_coset_double_precision_not_outward_rounded
directional_exit_1d,4,3,0.007571261167609775,0.06607400559376075,0.002800463444663908,0.002619934528377876,0.05833790573668592,0.0790656647344123,0.0,64,3.251143013508353e-05,11ef0828cc0a23a8cbdad1011eca755f69a74f3ed7439a6baebde1b64c302805,0.2538888172050955,9.351019534684866,0.3731106953806824,9.601492807263885,9.228382111883203,0.02097475686187167,0.0,0.1639195949723754,0.7811475463781954,0.010848036468793633,0.9438680934100999,one_lattice_coset_double_precision_not_outward_rounded
directional_exit_1d,4,4,0.0005965047645242334,0.0569306222365685,0.002800463444663908,0.002619934528377876,0.057183501753528904,0.06294752497413451,0.0,64,3.251143013508353e-05,05843b58859d806cdffda54999365599faae072033db8b8f6277bba869f2efef,0.3731106953806824,24.248382622758516,0.28930314220241504,24.616473891743944,24.32717074954153,0.0020644086272041395,0.0,0.14684040274012478,0.695975083353348,0.010848036468793633,0.8586956303852525,one_lattice_coset_double_precision_not_outward_rounded
directional_exit_1d,4,5,0.015936388832237518,0.043381943303335786,0.002800463444663908,0.002619934528377876,0.02735261046296393,0.06473873010861508,0.0,64,3.251143013508353e-05,ee48b5a077ea2df2e842c219cc1cef3047fcde76f5f8a768a7c43ec6afafacb7,0.28930314220241504,3.620426899043892,0.20805207666047254,3.9058380707234046,3.697785994062932,0.045244088584948994,0.0,0.07615125011596013,0.6555855133513822,0.010848036468793633,0.8183060603832867,one_lattice_coset_double_precision_not_outward_rounded
directional_exit_1d,4,6,0.005814502681241605,0.02245258556031341,0.002800463444663908,0.002619934528377876,0.016646929943105973,0.0336874862145968,0.0,64,3.251143013508353e-05,deebd413d8d3a3f5d62b5f0d0975df4b9644e332272638ed29593cbd0d774904,0.20805207666047254,14.09499397986038,0.27648241782321126,14.300247149659949,14.023764731836739,0.015624817868245211,0.0,0.04510801438606982,0.4040827364626658,0.010848036468793633,0.5668032834945703,one_lattice_coset_double_precision_not_outward_rounded
directional_exit_1d,4,7,0.00105377013505671,0.0034519194142700388,0.002800463444663908,0.002619934528377876,0.004155867142732313,0.009926087522368534,0.0,64,3.251143013508353e-05,6fa128b47f4032dcec80b121afae1e33e1bec607f81211afa48648fb16679130,0.27648241782321126,1.9961332781907093,0.1919835793649387,2.268896201603743,2.076912622238804,0.0026275439676415324,0.0,0.012062574500239176,0.6203166085892513,0.010848036468793633,0.7830371556211558,one_lattice_coset_double_precision_not_outward_rounded
directional_exit_1d,5,0,0.0030001027385858268,0.8064419920135807,0.002800463444663908,0.002619934528377876,0.8077520589381062,0.8148624927252083,2.220446049250313e-16,64,3.251143013508353e-05,0c7faf877849897c236ee830ff37a3d3bccfa3ad2158e80171f3170d4c57a1d9,1.09263046164754,0.0,0.6088410491491221,1.0779313971410707,0.4690903479919486,0.005830382448151816,0.0,1.0951419836849547,1.5386157487258088,0.010848036468793633,1.7013362957577132,one_lattice_coset_double_precision_not_outward_rounded
directional_exit_1d,5,1,0.016965939720304742,0.20004871628913293,0.002800463444663908,0.002619934528377876,0.18316247206323719,0.22243505398247948,0.0,64,3.251143013508353e-05,267ae7536b6b947ed11d366f3c95c43a025b0f1665546572bbce1012f4c03fc0,0.6088410491491221,28.156722110229445,0.4017360558909411,28.757372472618712,28.355636416727773,0.04391477876489147,0.0,0.5158799150964569,1.1320956934968107,0.010848036468793633,1.2948162405287151,one_lattice_coset_double_precision_not_outward_rounded
directional_exit_1d,5,2,0.004821748268584215,0.18274382692576477,0.002800463444663908,0.002619934528377876,0.178055153617464,0.1929859731673908,0.0,64,3.251143013508353e-05,10c3bb48563c220b0000f26a88a5e165c57098a38ba07084e64b75386616128c,0.4017360558909411,4.306017762670247,0.37332316074758864,4.70234929762992,4.329026136882331,0.011475346611746984,0.0,0.39372216040846353,0.8029348126980551,0.010848036468793633,0.9656553597299596,one_lattice_coset_double_precision_not_outward_rounded
directional_exit_1d,5,3,0.02036929942497253,0.0932217370853815,0.002800463444663908,0.002619934528377876,0.07271696523003536,0.11901143448339582,0.0,64,3.251143013508353e-05,ad214bc421c8610e84d958a4ce24f9d22e7fc8ad0b23a89d98c06a164256c771,0.37332316074758864,1.0824057387025132,0.33296740702724303,1.4507066147763674,1.1177392077491244,0.055703541657449396,4.6629367034256575e-15,0.20515808615479847,0.7852920332576323,0.010848036468793633,0.9480125802895368,one_lattice_coset_double_precision_not_outward_rounded
directional_exit_1d,5,4,0.0011234773544775611,0.06286721303685544,0.002800463444663908,0.002619934528377876,0.06294894526749197,0.06941108836437478,0.0,64,3.251143013508353e-05,a312d404a0ea8aba55ef886f84414c074597dbf2ec6b1b5ab10c9e37ce4a06fa,0.33296740702724303,6.733277814649325,0.37116462968962116,7.061765839519251,6.69060120982963,0.0025164568530326448,0.0,0.15967504080873485,0.7835041214150875,0.010848036468793633,0.946224668446992,one_lattice_coset_double_precision_not_outward_rounded
directional_exit_1d,5,5,0.028273475190563523,0.04338194330333718,0.002800463444663908,0.002619934528377876,0.01499057637182503,0.07707581646694248,0.0,64,3.251143013508353e-05,6a56c8609de18464dda1b5e974d856b8770b062cbf5f28c47f9d5b67b0ca9b9d,0.37116462968962116,0.5158393840571911,0.31775471547818057,0.88201076760749,0.5642560521293094,0.07890159181369727,0.0,0.042493746887215855,0.6564839179309372,0.010848036468793633,0.8192044649628417,one_lattice_coset_double_precision_not_outward_rounded
directional_exit_1d,5,6,0.003209738433093178,0.0,0.002800463444663908,0.002619934528377876,0.0036927991706989494,0.008630136406134963,0.0,64,3.251143013508353e-05,e5acb6099590b1449c7cd8764712b1396b01fd482b8fd23452504e42bb72b8c6,0.31775471547818057,7.485275350097278,0.37560855524111636,7.798755338461402,7.423146783220286,0.008935241018222961,0.0,0.008935241018222961,0.7034187573320727,0.010848036468793633,0.8661393043639772,one_lattice_coset_double_precision_not_outward_rounded
directional_exit_1d,5,7,0.009934147100693777,8.643562294531631e-15,0.002800463444663908,0.002619934528377876,0.01021956809382165,0.015354545073744206,0.0,64,3.251143013508353e-05,ee3ebb1992316203131763992dfd70d6ac66f66f795d7316aa4cf1916205426a,0.37560855524111636,0.5465960316367646,0.32993839356046273,0.9171515569867449,0.5872131634262822,0.027613218442345433,0.0,0.027613218442320786,0.7076858190596189,0.010848036468793633,0.8704063660915234,one_lattice_coset_double_precision_not_outward_rounded
