run,benchmark,dim,method,seed,rms,relative_rms,sample_max_error,domain_bellman_rms,domain_evaluation_rms,box_bellman_sample_max,objective_evaluations,elapsed_seconds,dtype,device,penalty_scale
reproduction/aligned/final_exact/boundary_decay_1d_bellman_seed1,boundary_decay_1d,1,bellman,1,0.0035986506559684663,0.01344582974602083,0.009984014150574622,0.015267768225118338,0.01908559398701438,0.20096127447216072,13662,43.28357770000002,float64,cpu,1.0
reproduction/aligned/final_exact/boundary_decay_1d_bellman_seed2,boundary_decay_1d,1,bellman,2,0.004086290701446651,0.015267825170324384,0.008840780540351728,0.011428902892997524,0.022976650948665054,0.15414239086827586,13665,44.583941699995194,float64,cpu,1.0
reproduction/aligned/final_exact/boundary_decay_1d_bellman_seed3,boundary_decay_1d,1,bellman,3,0.006928747427254727,0.025888247336688205,0.01861581245611127,0.015967765405243584,0.015992179882516437,0.29219738325459055,13668,47.085187099990435,float64,cpu,1.0
reproduction/aligned/final_exact/boundary_decay_1d_bellman_seed4,boundary_decay_1d,1,bellman,4,0.004726365583134028,0.01765937097641674,0.011065385028585409,0.009950271283311548,0.010189781399885914,0.19390811785301,13669,45.723565399996005,float64,cpu,1.0
reproduction/aligned/final_exact/boundary_decay_1d_bellman_seed5,boundary_decay_1d,1,bellman,5,0.004195006422236951,0.01567402549711574,0.010384000829862738,0.011540590125181254,0.031121136057441,0.19413607897434848,13659,45.82181359999231,float64,cpu,1.0
reproduction/aligned/final_exact/boundary_decay_1d_pi_seed1,boundary_decay_1d,1,pi,1,0.004707990130727806,0.017590713796773478,0.009639666892655302,0.014190061031601947,0.014289886681323015,0.22494962141719466,13657,44.78245590000006,float64,cpu,1.0
reproduction/aligned/final_exact/boundary_decay_1d_pi_seed2,boundary_decay_1d,1,pi,2,0.0010827371981235398,0.00404548855041191,0.0024715992465993153,0.007759800319750448,0.008315062450118569,0.10800396323437855,13653,43.42728879999777,float64,cpu,1.0
reproduction/aligned/final_exact/boundary_decay_1d_pi_seed3,boundary_decay_1d,1,pi,3,0.003090065015911295,0.011545574183248116,0.011086442262452617,0.019313462227089698,0.0196794331749944,0.293655303434893,13659,44.304570099993725,float64,cpu,1.0
reproduction/aligned/final_exact/boundary_decay_1d_pi_seed4,boundary_decay_1d,1,pi,4,0.01043678608098053,0.03899551864190005,0.024312872777127834,0.01074628448805749,0.016428720146522476,0.20989386902176888,13674,45.239416500000516,float64,cpu,1.0
reproduction/aligned/final_exact/boundary_decay_1d_pi_seed5,boundary_decay_1d,1,pi,5,0.0032786260771937247,0.01225010490020659,0.00800578919518613,0.013627012913637453,0.01513040883906615,0.23795707321856208,13669,44.37646300000779,float64,cpu,1.0
reproduction/aligned/final_exact/directional_exit_1d_bellman_seed1,directional_exit_1d,1,bellman,1,0.0074475595248973256,0.02106525056296419,0.024626126231017786,0.0036401345136166563,0.0036401345136166563,0.37327790901133895,13668,44.58039780000399,float64,cpu,1.0
reproduction/aligned/final_exact/directional_exit_1d_bellman_seed2,directional_exit_1d,1,bellman,2,0.005402034214912801,0.015279529341984347,0.01802854845714441,0.003310306876153888,0.003310306876153888,0.33719439559900355,13671,47.12488730000041,float64,cpu,1.0
reproduction/aligned/final_exact/directional_exit_1d_bellman_seed3,directional_exit_1d,1,bellman,3,0.007004067395502465,0.019810843290733078,0.02274474663298487,0.002566012275239129,0.002566012275239129,0.3898318928687612,13663,45.01032699999632,float64,cpu,1.0
reproduction/aligned/final_exact/directional_exit_1d_bellman_seed4,directional_exit_1d,1,bellman,4,0.010789249802808857,0.030517144538796264,0.03339754238901904,0.0039788959364217055,0.0039788959364217055,0.36007776292655524,13670,44.84930909999821,float64,cpu,1.0
reproduction/aligned/final_exact/directional_exit_1d_bellman_seed5,directional_exit_1d,1,bellman,5,0.009243677279332098,0.0261455282581302,0.029418605075449245,0.0031190745722488437,0.0031190745722488437,0.36483304728267996,13670,45.54819940000016,float64,cpu,1.0
reproduction/aligned/final_exact/directional_exit_1d_pi_seed1,directional_exit_1d,1,pi,1,0.009938890619254777,0.02811192317598597,0.02339525939677023,0.0029582883376553185,0.0029582883376553185,0.9559645712571219,13663,44.05295650000335,float64,cpu,1.0
reproduction/aligned/final_exact/directional_exit_1d_pi_seed2,directional_exit_1d,1,pi,2,0.007230858916936348,0.020452317885006493,0.023925793105214366,0.0024449808574965957,0.0024449808574965957,0.49724254182795224,13660,44.01797970000189,float64,cpu,1.0
reproduction/aligned/final_exact/directional_exit_1d_pi_seed3,directional_exit_1d,1,pi,3,0.005035559088990477,0.01424296289000234,0.018102504006210163,0.0017933552044230659,0.0017933552044230659,0.8971430287844395,13653,45.25302680001187,float64,cpu,1.0
reproduction/aligned/final_exact/directional_exit_1d_pi_seed4,directional_exit_1d,1,pi,4,0.004154371979030104,0.011750545447467642,0.00798055453155444,0.002830662199972543,0.002830662199972543,0.6329691514337608,13657,44.11898360001214,float64,cpu,1.0
reproduction/aligned/final_exact/directional_exit_1d_pi_seed5,directional_exit_1d,1,pi,5,0.010196193338840436,0.028839697991411662,0.03229543256007361,0.0018858534597109807,0.0018858534597109807,0.708390016553146,13659,45.35902350000106,float64,cpu,1.0
reproduction/aligned/final_cylinder/cylinder_10_bellman_seed1,sum_cylinder_nd,10,bellman,1,0.03629866598272557,0.07293584684232095,0.08811916798914332,0.0059719159378923805,0.005958119619459974,1.078986479919048,3794,19.718526399999973,float32,cuda,1.0
reproduction/aligned/final_cylinder/cylinder_10_bellman_seed2,sum_cylinder_nd,10,bellman,2,0.04331719023974097,0.08703834886022989,0.10592063972435284,0.006575318426569386,0.006614250258765828,1.0639402224402472,3793,18.428318100006436,float32,cuda,1.0
reproduction/aligned/final_cylinder/cylinder_10_bellman_seed3,sum_cylinder_nd,10,bellman,3,0.04111252786645923,0.08260846382607384,0.0977914700765854,0.005660844324341239,0.005765011190802518,1.0895498281294866,3793,10.251669399993261,float32,cuda,1.0
reproduction/aligned/final_cylinder/cylinder_10_bellman_seed4,sum_cylinder_nd,10,bellman,4,0.03649020613700181,0.07332071342014766,0.09182862276848514,0.003938361403079671,0.004001219838790221,1.084378368382116,3795,10.59833520000393,float32,cuda,1.0
reproduction/aligned/final_cylinder/cylinder_10_bellman_seed5,sum_cylinder_nd,10,bellman,5,0.043201870137713226,0.08680663320149634,0.10820600157400229,0.004219925957638437,0.004230616462893374,1.0784263326074441,3796,10.694306299992604,float32,cuda,1.0
reproduction/aligned/final_cylinder/cylinder_10_pi_seed1,sum_cylinder_nd,10,pi,1,0.022734341357271436,0.04568069912222396,0.06308767989414832,0.00537577921694617,0.005127861969985486,1.0883159344403586,3793,19.728889099991648,float32,cuda,1.0
reproduction/aligned/final_cylinder/cylinder_10_pi_seed2,sum_cylinder_nd,10,pi,2,0.03710081191166058,0.07454761936987989,0.09250790682197418,0.006917581562555858,0.006913714559415072,0.9702639291422637,3797,16.35952169999655,float32,cuda,1.0
reproduction/aligned/final_cylinder/cylinder_10_pi_seed3,sum_cylinder_nd,10,pi,3,0.03074782696301105,0.061782402669442904,0.05881857167343485,0.011875856788624082,0.0064549340776518405,1.0748738614461937,3795,9.041789199996856,float32,cuda,1.0
reproduction/aligned/final_cylinder/cylinder_10_pi_seed4,sum_cylinder_nd,10,pi,4,0.018242417941121664,0.03665496141429691,0.03923193359188126,0.015449188326932515,0.008043882900909566,1.0788237184252116,3794,9.65636780000932,float32,cuda,1.0
reproduction/aligned/final_cylinder/cylinder_10_pi_seed5,sum_cylinder_nd,10,pi,5,0.03495540683564842,0.07023680155323539,0.08825523877097652,0.004859526917696625,0.004901063630768067,1.0367512300531336,3794,9.524492399999872,float32,cuda,1.0
reproduction/aligned/final_cylinder/cylinder_20_bellman_seed1,sum_cylinder_nd,20,bellman,1,0.07737941129383775,0.15548044915026135,0.1841228945489225,0.004886238834905159,0.004873841802938242,0.11255715915912834,3794,16.682847699994454,float32,cuda,1.0
reproduction/aligned/final_cylinder/cylinder_20_bellman_seed2,sum_cylinder_nd,20,bellman,2,0.07128263291603985,0.14323003492896436,0.17316129641275557,0.002790703048151373,0.002786624116211618,0.13771207027482202,3794,9.985209299993585,float32,cuda,1.0
reproduction/aligned/final_cylinder/cylinder_20_bellman_seed3,sum_cylinder_nd,20,bellman,3,0.07193449512198356,0.14453983849130136,0.17660651523637294,0.0033328923060896346,0.003278287454486957,0.08177912349846661,3795,10.518407900002785,float32,cuda,1.0
reproduction/aligned/final_cylinder/cylinder_20_bellman_seed4,sum_cylinder_nd,20,bellman,4,0.09107050293769103,0.18299031311213956,0.20052813918231527,0.005228942692266415,0.005791233443823169,0.14834968720815134,3793,11.16156389999378,float32,cuda,1.0
reproduction/aligned/final_cylinder/cylinder_20_bellman_seed5,sum_cylinder_nd,20,bellman,5,0.06259107916070727,0.1257658715410947,0.1501793428766558,0.004255592845642874,0.004281787889862853,0.1809890834884742,3793,7.535353300001589,float32,cuda,1.0
reproduction/aligned/final_cylinder/cylinder_20_pi_seed1,sum_cylinder_nd,20,pi,1,0.07946895887388135,0.15967903105769302,0.18513617272165594,0.0029744764187343356,0.002974718859498366,0.2312244736282647,3795,17.211379500004114,float32,cuda,1.0
reproduction/aligned/final_cylinder/cylinder_20_pi_seed2,sum_cylinder_nd,20,pi,2,0.060448000435234114,0.12145972812090726,0.14330184052718387,0.004492467452969865,0.004427289126016616,0.3236197373596852,3795,15.569536900002277,float32,cuda,1.0
reproduction/aligned/final_cylinder/cylinder_20_pi_seed3,sum_cylinder_nd,20,pi,3,0.09901651926611986,0.19895644889738057,0.22115616903647772,0.0032394182251503237,0.003235861642087417,0.31815744753018915,3796,10.999420799998916,float32,cuda,1.0
reproduction/aligned/final_cylinder/cylinder_20_pi_seed4,sum_cylinder_nd,20,pi,4,0.0678664388381245,0.13636578795761217,0.15621734651124086,0.00365606601186657,0.003629496177444979,0.24734432230385828,3794,11.519939999998314,float32,cuda,1.0
reproduction/aligned/final_cylinder/cylinder_20_pi_seed5,sum_cylinder_nd,20,pi,5,0.09107424027967372,0.18299782264988843,0.2067543866766176,0.003186295079086601,0.0033852532464741483,0.19134367945258646,3799,11.574057999998331,float32,cuda,1.0
reproduction/aligned/final_cylinder/cylinder_2_bellman_seed1,sum_cylinder_nd,2,bellman,1,0.029413637377622478,0.05910158051145595,0.0859056198015844,0.009883420807947504,0.009942470100846286,1.0720536344616693,3793,19.181830200002878,float32,cuda,1.0
reproduction/aligned/final_cylinder/cylinder_2_bellman_seed2,sum_cylinder_nd,2,bellman,2,0.025508892581651885,0.05125567604296215,0.07220846516295076,0.011365931442554433,0.011459606057787713,1.0220362728051677,3793,16.346191799995722,float32,cuda,1.0
reproduction/aligned/final_cylinder/cylinder_2_bellman_seed3,sum_cylinder_nd,2,bellman,3,0.0277566546596148,0.05577216238281178,0.07307754929988164,0.010989893495665997,0.011057062192339278,1.1250003798490078,3794,8.52672480000183,float32,cuda,1.0
reproduction/aligned/final_cylinder/cylinder_2_bellman_seed4,sum_cylinder_nd,2,bellman,4,0.023346182665314557,0.046910087205976676,0.07563592097630734,0.011020553229908761,0.011043057937531091,1.0057470998894198,3794,9.044587000011234,float32,cuda,1.0
reproduction/aligned/final_cylinder/cylinder_2_bellman_seed5,sum_cylinder_nd,2,bellman,5,0.02782599224667153,0.05591148418552841,0.07780224767466004,0.011319682566571995,0.01134453901302314,1.1350770047558907,3794,8.46664790000068,float32,cuda,1.0
reproduction/aligned/final_cylinder/cylinder_2_pi_seed1,sum_cylinder_nd,2,pi,1,0.02995950659500219,0.06019840961441609,0.09595117967841738,0.010896992578219827,0.010975306916500751,1.0994147316584248,3793,18.923929999989923,float32,cuda,1.0
reproduction/aligned/final_cylinder/cylinder_2_pi_seed2,sum_cylinder_nd,2,pi,2,0.02564898455474921,0.051537166459149825,0.07626719365081425,0.012326990625121865,0.012343317917906374,1.1072561777086323,3797,16.150174700000207,float32,cuda,1.0
reproduction/aligned/final_cylinder/cylinder_2_pi_seed3,sum_cylinder_nd,2,pi,3,0.01962948111291733,0.039442022878673356,0.05983811072383849,0.009048245682685113,0.009127918150357954,1.5379976124780925,3797,8.824806600008742,float32,cuda,1.0
reproduction/aligned/final_cylinder/cylinder_2_pi_seed4,sum_cylinder_nd,2,pi,4,0.02037653157340267,0.04094309064426989,0.04456578906320918,0.013540190152557903,0.013718222611689423,0.9825171727212023,3794,9.23557580000488,float32,cuda,1.0
reproduction/aligned/final_cylinder/cylinder_2_pi_seed5,sum_cylinder_nd,2,pi,5,0.02942570967705699,0.05912583769419834,0.08488225072519906,0.009804607000778873,0.009818316123588718,1.0388876413069017,3799,9.319417500009877,float32,cuda,1.0
reproduction/aligned/final_cylinder/cylinder_5_bellman_seed1,sum_cylinder_nd,5,bellman,1,0.03335806284179703,0.06702721702632632,0.08716875104304422,0.007810613791594183,0.007827737844455864,1.129678997383083,3794,19.775399000005564,float32,cuda,1.0
reproduction/aligned/final_cylinder/cylinder_5_bellman_seed2,sum_cylinder_nd,5,bellman,2,0.02680989459476289,0.05386981348342886,0.07872683888607668,0.008156473465591495,0.008196605624226536,1.1601574370636865,3793,16.825662499992177,float32,cuda,1.0
reproduction/aligned/final_cylinder/cylinder_5_bellman_seed3,sum_cylinder_nd,5,bellman,3,0.028437526939000837,0.057140257180765215,0.07620619589982958,0.008982800992735445,0.009202100018826346,1.268221362978191,3795,9.06699779999326,float32,cuda,1.0
reproduction/aligned/final_cylinder/cylinder_5_bellman_seed4,sum_cylinder_nd,5,bellman,4,0.023605765991559998,0.047431675145310354,0.06393852484792728,0.007323635071765088,0.007635061185635665,1.0773407588658976,3794,9.889290899998741,float32,cuda,1.0
reproduction/aligned/final_cylinder/cylinder_5_bellman_seed5,sum_cylinder_nd,5,bellman,5,0.027564630897250503,0.05538632462451043,0.0688767987509894,0.00819523066705988,0.008299776937905578,1.096128988092989,3793,9.48409630000242,float32,cuda,1.0
reproduction/aligned/final_cylinder/cylinder_5_pi_seed1,sum_cylinder_nd,5,pi,1,0.01771388260918454,0.03559296172729189,0.04552466027933111,0.008383602702071936,0.008382403488370278,1.2003606809297365,3791,19.411141899996437,float32,cuda,1.0
reproduction/aligned/final_cylinder/cylinder_5_pi_seed2,sum_cylinder_nd,5,pi,2,0.021969693806000924,0.04414427305687731,0.0578906364948657,0.009017944253499666,0.009053021687582968,1.1354124724645613,3792,15.806295400005183,float32,cuda,1.0
reproduction/aligned/final_cylinder/cylinder_5_pi_seed3,sum_cylinder_nd,5,pi,3,0.02053192464384047,0.04125532635385897,0.056776188201135835,0.007830396136074015,0.007865665270129706,1.199110017255105,3795,8.177963699999964,float32,cuda,1.0
reproduction/aligned/final_cylinder/cylinder_5_pi_seed4,sum_cylinder_nd,5,pi,4,0.026382602934445963,0.05301124531700295,0.06841730975091975,0.01081902845924369,0.010846957122651126,1.0379291903090957,3794,8.838250000000698,float32,cuda,1.0
reproduction/aligned/final_cylinder/cylinder_5_pi_seed5,sum_cylinder_nd,5,pi,5,0.022173919282246032,0.04455462857972362,0.05746878116469778,0.008010733749267666,0.008020575878998489,1.0568039930786677,3792,8.430469600003562,float32,cuda,1.0
